代碼,日期,收盤,EMA,ema_period,5日均量,10日均量,K值,D值,ADX14,ADX,MACD,MACD訊號,MACD柱,初始停損價(ATR),建議移動停損(EMA50),建議進場價格,建議退場價格,股價高於EMA,成交量放大,KD合理區間,趨勢強勁,MACD多頭,是否符合,綜合評分(score),出場原因代碼,出場原因中文
8936.TWO,2025-11-14,59.900001525878906,55.44081909551643,117,9422829.6,6790643.3,52.8565027862029,66.26997267358935,60.41965863217628,60.41965863217628,2.3289431297118455,2.118343572396745,0.2105995573151005,54.24285888671875,56.87356133004651,59.900001525878906,54.24285888671875,True,True,True,True,True,符合,1.1516261288291691,,
